{"cameraMode":{"drawMode":0,"name":"Shaded","section":"Shading Mode"},"sceneLighting":true,"audioPlay":false,"sceneViewState":{"m_AlwaysRefresh":false,"showFog":true,"showSkybox":true,"showFlares":true,"showImageEffects":true,"showParticleSystems":true,"showVisualEffectGraphs":true,"m_FxEnabled":false},"in2DMode":false,"pivot":{"x":14.924564361572266,"y":-6.150162696838379,"z":25.071956634521486},"rotation":{"x":-0.1577397733926773,"y":0.0017698043957352639,"z":-0.00028558241319842637,"w":-0.9874909520149231},"size":14.044144630432129,"orthographic":false}