{"cameraMode":{"drawMode":0,"name":"Shaded","section":"Shading Mode"},"sceneLighting":true,"audioPlay":false,"sceneViewState":{"m_AlwaysRefresh":false,"showFog":true,"showSkybox":true,"showFlares":true,"showImageEffects":true,"showParticleSystems":true,"showVisualEffectGraphs":true,"m_FxEnabled":false},"in2DMode":false,"pivot":{"x":-0.22909656167030335,"y":1.2968323230743409,"z":-5.228575706481934},"rotation":{"x":-0.1577397733926773,"y":0.0017698043957352639,"z":-0.00028558241319842637,"w":-0.9874909520149231},"size":1.1660254001617432,"orthographic":false}