{"cameraMode":{"drawMode":0,"name":"Shaded","section":"Shading Mode"},"sceneLighting":false,"audioPlay":false,"sceneViewState":{"m_AlwaysRefresh":false,"showFog":true,"showSkybox":false,"showFlares":true,"showImageEffects":true,"showParticleSystems":true,"showVisualEffectGraphs":true,"m_FxEnabled":false},"in2DMode":false,"pivot":{"x":18.809337615966798,"y":0.015472322702407837,"z":5.01571798324585},"rotation":{"x":0.025239093229174615,"y":0.667086124420166,"z":-0.02262219414114952,"w":0.7442177534103394},"size":2.6903574466705324,"orthographic":false}