{"cameraMode":{"drawMode":0,"name":"Shaded","section":"Shading Mode"},"sceneLighting":false,"audioPlay":false,"sceneViewState":{"m_AlwaysRefresh":false,"showFog":true,"showSkybox":false,"showFlares":true,"showImageEffects":true,"showParticleSystems":true,"showVisualEffectGraphs":true,"m_FxEnabled":false},"in2DMode":false,"pivot":{"x":15.205430030822754,"y":0.13443943858146668,"z":4.337274551391602},"rotation":{"x":0.36989739537239077,"y":-0.0039022641722112896,"z":0.0015531450044363738,"w":0.9290691614151001},"size":0.8903576135635376,"orthographic":false}