{"cameraMode":{"drawMode":0,"name":"Shaded","section":"Shading Mode"},"sceneLighting":false,"audioPlay":false,"sceneViewState":{"m_AlwaysRefresh":false,"showFog":true,"showSkybox":false,"showFlares":true,"showImageEffects":true,"showParticleSystems":true,"showVisualEffectGraphs":true,"m_FxEnabled":false},"in2DMode":false,"pivot":{"x":18.666358947753908,"y":-0.07139551639556885,"z":6.0549468994140629},"rotation":{"x":0.038246963173151019,"y":0.5518709421157837,"z":-0.02534789964556694,"w":0.8326731324195862},"size":2.9903573989868166,"orthographic":false}