{"cameraMode":{"drawMode":0,"name":"Shaded","section":"Shading Mode"},"sceneLighting":false,"audioPlay":false,"sceneViewState":{"m_AlwaysRefresh":false,"showFog":true,"showSkybox":false,"showFlares":true,"showImageEffects":true,"showParticleSystems":true,"showVisualEffectGraphs":true,"m_FxEnabled":false},"in2DMode":false,"pivot":{"x":-10.163079261779786,"y":-4.562600135803223,"z":-11.422616958618164},"rotation":{"x":-0.0017901583341881633,"y":0.9888031482696533,"z":-0.14883603155612946,"w":-0.011869370937347412},"size":7.019199848175049,"orthographic":false}