{"cameraMode":{"drawMode":0,"name":"Shaded","section":"Shading Mode"},"sceneLighting":false,"audioPlay":false,"sceneViewState":{"m_AlwaysRefresh":false,"showFog":true,"showSkybox":false,"showFlares":true,"showImageEffects":true,"showParticleSystems":true,"showVisualEffectGraphs":true,"m_FxEnabled":false},"in2DMode":false,"pivot":{"x":-21.491294860839845,"y":-3.187410354614258,"z":0.009532451629638672},"rotation":{"x":-0.10142248123884201,"y":0.6742075085639954,"z":-0.09425181895494461,"w":-0.7254653573036194},"size":8.944433212280274,"orthographic":false}