{"cameraMode":{"drawMode":0,"name":"Shaded","section":"Shading Mode"},"sceneLighting":false,"audioPlay":false,"sceneViewState":{"m_AlwaysRefresh":false,"showFog":true,"showSkybox":false,"showFlares":true,"showImageEffects":true,"showParticleSystems":true,"showVisualEffectGraphs":true,"m_FxEnabled":false},"in2DMode":false,"pivot":{"x":-0.5551412105560303,"y":0.5442878007888794,"z":0.7682693004608154},"rotation":{"x":0.016866078600287439,"y":0.9111007452011108,"z":0.0374680757522583,"w":-0.41015854477882388},"size":2.025635242462158,"orthographic":false}