{"cameraMode":{"drawMode":0,"name":"Shaded","section":"Shading Mode"},"sceneLighting":false,"audioPlay":false,"sceneViewState":{"m_AlwaysRefresh":false,"showFog":true,"showSkybox":false,"showFlares":true,"showImageEffects":true,"showParticleSystems":true,"showVisualEffectGraphs":true,"m_FxEnabled":false},"in2DMode":false,"pivot":{"x":-0.006751358509063721,"y":-0.05844610929489136,"z":-0.03609573841094971},"rotation":{"x":0.5174328088760376,"y":0.03976096212863922,"z":-0.024078277871012689,"w":0.8544661998748779},"size":0.5876761078834534,"orthographic":false}